Account ID,order,number_of_contracts,account_id,account_name
account_400,1.0,4.0,account_400,Underwood-Carter
account_213,2.0,4.0,account_213,Mahoney Group
account_111,3.0,4.0,account_111,Thornton LLC
account_112,4.0,5.0,account_112,Payne Ltd
account_582,5.0,3.0,account_582,Mcguire PLC
account_465,6.0,4.0,account_465,"Garcia, Sampson and Scott"
account_759,7.0,2.0,account_759,Duncan-Ramsey
account_757,8.0,2.0,account_757,Moss-Thompson
account_758,9.0,2.0,account_758,Walker-Hendrix
account_466,10.0,4.0,account_466,Bright Inc
account_753,11.0,2.0,account_753,"Walker, Krause and Mills"
account_752,12.0,2.0,account_752,"Taylor, Brown and Castillo"
account_751,13.0,2.0,account_751,"Gibson, Hernandez and Hancock"
account_633,14.0,3.0,account_633,Jackson-Barry
account_617,15.0,3.0,account_617,"Munoz, Smith and Nguyen"
account_734,16.0,2.0,account_734,Huff-Rivera
account_600,17.0,3.0,account_600,"Johnson, Case and Willis"
account_735,18.0,2.0,account_735,Harris-Johnson
account_728,19.0,2.0,account_728,"Dixon, Nielsen and Robertson"
account_566,20.0,3.0,account_566,"Hamilton, Salazar and Ayala"
account_720,21.0,2.0,account_720,Jackson Group
account_719,22.0,2.0,account_719,"Collins, Mclaughlin and Andrews"
account_352,23.0,4.0,account_352,Henry LLC
account_549,24.0,3.0,account_549,Norris-Ford
account_709,25.0,2.0,account_709,Snyder and Sons
account_710,26.0,2.0,account_710,Flores PLC
account_700,27.0,2.0,account_700,Lynch-Patel
account_701,28.0,2.0,account_701,Rojas-May
account_514,29.0,3.0,account_514,Kane-Mitchell
account_513,30.0,3.0,account_513,Kim-Bishop
account_690,31.0,2.0,account_690,Thomas-Lara
account_689,32.0,2.0,account_689,"Morgan, Peterson and Davis"
account_688,33.0,2.0,account_688,"Jordan, Caldwell and Mccarthy"
account_310,34.0,4.0,account_310,Stewart-Hawkins
account_496,35.0,3.0,account_496,"Wilkins, Wright and Miller"
account_463,36.0,3.0,account_463,Friedman PLC
account_462,37.0,3.0,account_462,Blackburn Inc
account_661,38.0,2.0,account_661,Hoffman-Glover
account_278,39.0,4.0,account_278,"Simon, Garcia and Jones"
account_461,40.0,3.0,account_461,"Crawford, Romero and Ramirez"
account_464,41.0,3.0,account_464,"Thomas, Garcia and Zamora"
account_448,42.0,3.0,account_448,"Berry, Gordon and Miller"
account_263,43.0,4.0,account_263,Hansen-Mclaughlin
account_648,44.0,2.0,account_648,"Campos, Hughes and Johnson"
account_245,45.0,4.0,account_245,"Hogan, Kelley and James"
account_244,46.0,4.0,account_244,"Blanchard, Mason and Gutierrez"
account_88,47.0,5.0,account_88,Huerta and Sons
account_632,48.0,2.0,account_632,Myers-Cabrera
account_631,49.0,2.0,account_631,Hawkins-Mitchell
account_630,50.0,2.0,account_630,Henson-Morris
account_433,51.0,3.0,account_433,Wallace-Ferguson
account_614,52.0,2.0,account_614,Smith-Oliver
account_230,53.0,4.0,account_230,Norton PLC
account_416,54.0,3.0,account_416,"Lewis, Morris and Mitchell"
account_616,55.0,2.0,account_616,Nelson-Allen
account_229,56.0,4.0,account_229,Anderson LLC
account_76,57.0,5.0,account_76,Myers and Sons
account_613,58.0,2.0,account_613,Frazier Ltd
account_615,59.0,2.0,account_615,Davis PLC
account_399,60.0,3.0,account_399,Frazier PLC
account_64,61.0,5.0,account_64,"Williams, Rios and Perry"
account_398,62.0,3.0,account_398,Hoffman-Romero
account_212,63.0,4.0,account_212,Anderson-Johnson
account_599,64.0,2.0,account_599,"Willis, Moreno and Becker"
account_211,65.0,4.0,account_211,Bonilla Inc
account_598,66.0,2.0,account_598,Wong and Sons
account_383,67.0,3.0,account_383,Lloyd Inc
account_581,68.0,2.0,account_581,Krueger-Crane
account_580,69.0,2.0,account_580,Adkins PLC
account_579,70.0,2.0,account_579,Daniels Group
account_195,71.0,4.0,account_195,"Baker, Nelson and Montgomery"
account_563,72.0,2.0,account_563,Hughes-Gomez
account_564,73.0,2.0,account_564,"Anderson, Moran and Scott"
account_565,74.0,2.0,account_565,Davis-Todd
account_368,75.0,3.0,account_368,"Powers, Smith and Jackson"
account_367,76.0,3.0,account_367,Bauer-Miller
account_181,77.0,4.0,account_181,Hill-Sanchez
account_480,78.0,2.0,account_480,"Valencia, Butler and Barrera"
account_447,79.0,2.0,account_447,"Best, Lucero and Morales"
account_191,80.0,3.0,account_191,King Group
account_121,81.0,3.0,account_121,Stevenson-Carson
account_110,82.0,3.0,account_110,Bradshaw PLC
account_131,83.0,2.0,account_131,Barnett-Mejia
account_119,84.0,2.0,account_119,"Stafford, Green and Chase"
account_46,85.0,1.0,account_46,"Rice, Long and Harmon"
account_37,86.0,1.0,account_37,Curry Group
account_38,87.0,1.0,account_38,Hayes and Sons
account_30,88.0,1.0,account_30,"Porter, Jones and Whitney"
account_20,89.0,1.0,account_20,Perkins and Sons
account_78,,,account_78,Reid PLC
