account_id,account_name
account_1,Stout LLC
account_10,Robles-Doyle
account_100,Mcknight Inc
account_101,Smith-Hernandez
account_102,"Riley, Morales and Allison"
account_103,Mitchell LLC
account_104,Kim-Hunt
account_105,Murray PLC
account_106,Anderson Group
account_107,Lee Ltd
account_108,"Bush, Cooper and Delgado"
account_109,Hernandez Group
account_11,Leblanc-Wood
account_110,Bradshaw PLC
account_111,Thornton LLC
account_112,Payne Ltd
account_113,Smith-Savage
account_114,Day-Mason
account_115,"Carlson, Schroeder and Jensen"
account_116,Knox Group
account_117,"Jenkins, Barrera and Miller"
account_118,Gonzales Group
account_119,"Stafford, Green and Chase"
account_12,"Cain, Morales and Shields"
account_120,Johnson Group
account_121,Stevenson-Carson
account_122,"Powers, Ward and Townsend"
account_123,"White, Fernandez and Roberts"
account_124,"Jones, Ashley and Williams"
account_125,Perry LLC
account_126,White-Eaton
account_127,"Thompson, Thomas and Mack"
account_128,"Wells, Sullivan and Deleon"
account_129,Davis Inc
account_13,Clark-Santos
account_130,Williams Ltd
account_131,Barnett-Mejia
account_132,"Petty, Chavez and Ramirez"
account_133,"Scott, Garcia and Tran"
account_134,Carpenter-Lee
account_135,"Juarez, Ferguson and Duke"
account_136,Heath-White
account_137,Li LLC
account_138,Williams-Edwards
account_139,"Wood, Brown and Holland"
account_14,Barrett PLC
account_140,"Brooks, Lawrence and Morris"
account_141,Burton-Barnes
account_142,Phillips-Landry
account_143,Wilson-Pena
account_144,"Wiley, Proctor and Weaver"
account_145,Levy and Sons
account_146,Griffin Group
account_147,"Wright, Cook and Ryan"
account_148,Fischer-Hester
account_149,"Bell, Gentry and Armstrong"
account_15,Turner and Sons
account_150,"Walters, Price and Wheeler"
account_151,"Bartlett, Neal and Miller"
account_152,"Smith, Graham and Fletcher"
account_153,Gonzales Ltd
account_154,Reynolds-Sims
account_155,Schmitt PLC
account_156,"Benjamin, Price and Cervantes"
account_157,"Romero, Madden and Andrade"
account_158,"Sandoval, Robbins and Freeman"
account_159,"Williams, Walker and Reynolds"
account_16,Mills-Bradford
account_160,Hart-Mitchell
account_161,Kelley-Meyers
account_162,"Garrett, Young and Blevins"
account_163,Mooney-Dominguez
account_164,"Watkins, Stone and Parker"
account_165,Baldwin-Jones
account_166,Hayden-Nelson
account_167,"Roth, Bailey and Mitchell"
account_168,Johnson-Welch
account_169,"Gonzalez, Smith and Williams"
account_17,"Smith, Atkinson and Barber"
account_170,"Castro, Romero and Jones"
account_171,White-Santos
account_172,Shepard-Garcia
account_173,George-Sanchez
account_174,Yang-Thomas
account_175,"Kent, Patel and Jackson"
account_176,"Davis, Williams and Butler"
account_177,"Roberson, Christensen and Gibbs"
account_178,Campbell-Farrell
account_179,"Weiss, Black and Gonzalez"
account_18,"Gonzalez, Hill and Curtis"
account_180,"Houston, Ford and Moreno"
account_181,Hill-Sanchez
account_182,Collins PLC
account_183,"Berry, Farrell and Porter"
account_184,"Harris, Carter and Morales"
account_185,Wallace PLC
account_186,White-Lara
account_187,Hamilton PLC
account_188,Collier Ltd
account_189,"Clark, Scott and Murray"
account_19,Brooks-Parrish
account_190,"Blair, Smith and Sanders"
account_191,King Group
account_192,"Stevens, Hill and Spencer"
account_193,Marshall-Robinson
account_194,"Brown, Schneider and Hanson"
account_195,"Baker, Nelson and Montgomery"
account_196,"Shannon, Rhodes and Stuart"
account_197,"Chen, Ramirez and Glover"
account_198,Nichols PLC
account_199,"Jefferson, Wright and Rodriguez"
account_2,Haynes Group
account_20,Perkins and Sons
account_200,Garcia Inc
account_201,Webb-Waters
account_202,Olson-Marquez
account_203,Andrews and Sons
account_204,Fitzpatrick Ltd
account_205,"Campbell, Chang and Peterson"
account_206,Giles PLC
account_207,Smith-Williams
account_208,Warner-Gomez
account_209,Ramirez-Mcgee
account_21,Shannon-Russo
account_210,Bryan and Sons
account_211,Bonilla Inc
account_212,Anderson-Johnson
account_213,Mahoney Group
account_214,"Phillips, Hill and Hunter"
account_215,Harper Inc
account_216,Price PLC
account_217,Smith-Miller
account_218,Whitney-Montoya
account_219,White Inc
account_22,Brown-West
account_220,"Wade, Ramos and Baird"
account_221,Smith-Franklin
account_222,Porter-Gardner
account_223,"Cohen, Curtis and White"
account_224,Santos-Thomas
account_225,"Thomas, Farmer and Fisher"
account_226,"Morris, Anderson and Higgins"
account_227,"Conrad, Lopez and Shepherd"
account_228,Kennedy Ltd
account_229,Anderson LLC
account_23,"Webb, Morales and Foley"
account_230,Norton PLC
account_231,Moore-Schneider
account_232,"Henderson, Meyer and Vega"
account_233,Fox PLC
account_234,"Simmons, Jones and Lee"
account_235,"Wagner, Walker and Tapia"
account_236,Thomas Group
account_237,Ortega-Oneal
account_238,"Ferrell, Hernandez and Anderson"
account_239,"Booker, Livingston and Nichols"
account_24,Miller Ltd
account_240,Willis Inc
account_241,Jackson-Thompson
account_242,Burns-Thomas
account_243,Bates-Thomas
account_244,"Blanchard, Mason and Gutierrez"
account_245,"Hogan, Kelley and James"
account_246,Martinez and Sons
account_247,Pierce Inc
account_248,"Jones, Case and Villegas"
account_249,Scott-White
account_25,"Clay, Contreras and Jordan"
account_250,"Clark, Miller and Jensen"
account_251,"Turner, Carroll and Ruiz"
account_252,Torres-Copeland
account_253,"Jackson, Moore and Scott"
account_254,Lopez LLC
account_255,Gonzalez-Norman
account_256,Adams LLC
account_257,"Hansen, Dillon and Gibson"
account_258,Collins LLC
account_259,Jones and Sons
account_26,Barrera Group
account_260,"Brown, Bell and Gibson"
account_261,Garcia-Caldwell
account_262,Boyd-Cisneros
account_263,Hansen-Mclaughlin
account_264,"Patel, Powers and Campbell"
account_265,"Bailey, Winters and Howard"
account_266,"Davis, Doyle and Bradshaw"
account_267,Powell LLC
account_268,Simmons PLC
account_269,Wood Group
account_27,Fisher Ltd
account_270,"Ryan, Kelly and Little"
account_271,Woods PLC
account_272,"Carter, Spencer and Barber"
account_273,Brewer-Wright
account_274,"Alvarez, Cox and Foster"
account_275,"Henry, Boone and Miles"
account_276,Thompson-Steele
account_277,"Blackwell, Adams and Hill"
account_278,"Simon, Garcia and Jones"
account_279,Sanders Group
account_28,Gibson-Reed
account_280,Thompson-Rivas
account_281,"Mcdonald, Melendez and Klein"
account_282,Lara PLC
account_283,Anderson-Howell
account_284,"York, Stevens and Jones"
account_285,Mendez-Bates
account_286,Mckenzie PLC
account_287,Black LLC
account_288,Morgan-Roberts
account_289,"Santana, White and Smith"
account_29,"Lewis, Hammond and Johnston"
account_290,"Henry, Johnson and Hanson"
account_291,Morales-Rios
account_292,Turner LLC
account_293,Morris LLC
account_294,"Anderson, Pineda and Frank"
account_295,Robles-Jones
account_296,"Petty, Bush and Hernandez"
account_297,"Fitzgerald, Moore and Farrell"
account_298,"Diaz, Parsons and Johnson"
account_299,"Rasmussen, Davidson and Holmes"
account_3,"Warren, Williams and Allen"
account_30,"Porter, Jones and Whitney"
account_300,Howard-Greene
account_301,Edwards-Brown
account_302,Mejia and Sons
account_303,Rivera and Sons
account_304,Williams Group
account_305,Gentry-Cox
account_306,Novak LLC
account_307,Estrada PLC
account_308,Dunlap-Phillips
account_309,"Johnson, Turner and Garza"
account_31,"Long, Munoz and Barnes"
account_310,Stewart-Hawkins
account_311,White-Garcia
account_312,"Perez, Coffey and Lewis"
account_313,"Vasquez, Fry and Tapia"
account_314,Evans Inc
account_315,Johnson Ltd
account_316,Zhang-Chapman
account_317,Reyes Group
account_318,"Reynolds, Jackson and Boyd"
account_319,Smith-Zuniga
account_32,Meyers Group
account_320,Meadows and Sons
account_321,"Bell, Wagner and Henson"
account_322,"Gomez, Andrews and Banks"
account_323,Becker and Sons
account_324,Marsh-Kelley
account_325,Foster-Ellis
account_326,"King, Riddle and Romero"
account_327,Newton-Rios
account_328,Guzman and Sons
account_329,Kelly LLC
account_33,"Schmidt, Martin and Figueroa"
account_330,Young-Delgado
account_331,Gonzalez-Miller
account_332,Rivera Group
account_333,"Harper, Hall and Garcia"
account_334,Savage-King
account_335,Smith-Dillon
account_336,"Hunter, Brown and Cox"
account_337,Martin-Warner
account_338,Stone Ltd
account_339,Saunders Ltd
account_34,"Proctor, Garcia and Cooke"
account_340,"Brown, Johnston and Farmer"
account_341,Harris Inc
account_342,Cabrera Ltd
account_343,"Espinoza, Mcclain and Campbell"
account_344,Garcia LLC
account_345,Silva-Williams
account_346,"Summers, Stevenson and Ortiz"
account_347,"Jones, Garcia and Vasquez"
account_348,Jones Group
account_349,"Gillespie, Richards and Navarro"
account_35,Harrison Group
account_350,"Murphy, Marshall and Carter"
account_351,"Jackson, Lang and Turner"
account_352,Henry LLC
account_353,"Gonzalez, Wilcox and Smith"
account_354,Faulkner-Mata
account_355,Campbell and Sons
account_356,Ryan-Rivers
account_357,Howell-Bullock
account_358,Johns Ltd
account_359,Snyder-Rodriguez
account_36,"Dalton, Walker and Bell"
account_360,Tran LLC
account_361,"Lee, Taylor and Holmes"
account_362,Cross-Sweeney
account_363,Blake-Love
account_364,Garcia-Green
account_365,Tate-Curry
account_366,Fritz-Weber
account_367,Bauer-Miller
account_368,"Powers, Smith and Jackson"
account_369,Paul LLC
account_37,Curry Group
account_370,"Hernandez, Williams and Carter"
account_371,"Haynes, Wilson and Parks"
account_372,Chapman-Hernandez
account_373,"Cruz, Anderson and Rose"
account_374,"Harris, Holmes and Murphy"
account_375,Wright-Braun
account_376,Mckay Inc
account_377,Kirby-Novak
account_378,Woods-Ramsey
account_379,Stewart-Gibson
account_38,Hayes and Sons
account_380,Vega Inc
account_381,Winters Group
account_382,"Ward, Graves and Woods"
account_383,Lloyd Inc
account_384,Cantrell PLC
account_385,Johnston-Brown
account_386,Bird-Massey
account_387,Hernandez-King
account_388,"Miller, Jones and Gonzalez"
account_389,"Smith, Dudley and Coleman"
account_39,"Martin, Jenkins and West"
account_390,Clark Group
account_391,Gray PLC
account_392,Mercer-Diaz
account_393,Peterson-Flores
account_394,Simon and Sons
account_395,Garcia PLC
account_396,Stevens and Sons
account_397,"Wise, Taylor and Deleon"
account_398,Hoffman-Romero
account_399,Frazier PLC
account_4,Owens-Holden
account_40,Allen-Hooper
account_400,Underwood-Carter
nan,Smith-Schneider
account_401,Holland-Moore
account_402,"Johnson, Miller and Reyes"
account_403,Gallagher PLC
account_404,Ortega and Sons
account_405,"Bartlett, Gonzales and Mccullough"
account_406,Johnson PLC
account_407,Roth-Leon
account_408,Little-Butler
account_409,"Daniel, Donovan and Allen"
account_41,Ray Inc
account_410,Thomas LLC
account_411,Gutierrez-Gibbs
account_412,"Rodriguez, Martinez and Rich"
account_413,Smith-Hines
account_414,Newton-Dominguez
account_415,"Humphrey, Arnold and Webb"
account_416,"Lewis, Morris and Mitchell"
account_417,"Thompson, Coleman and Pugh"
account_418,"Combs, Cox and Pham"
account_419,Weaver-Lowe
account_42,"Howard, Moyer and Collins"
account_420,"Singleton, Romero and Foley"
account_421,"Sullivan, Townsend and Burns"
account_422,Valdez LLC
account_423,Taylor-Clark
account_424,Winters LLC
account_425,"Johnson, Lawrence and Holder"
account_426,Davis-Larsen
account_427,"Hess, Paul and Taylor"
account_428,"Wheeler, Johnson and Palmer"
account_429,Pratt-Dodson
account_43,Warren-Hood
account_430,Montgomery-Cook
account_431,"Burns, Ellison and Decker"
account_432,Benson-Summers
account_433,Wallace-Ferguson
account_434,Garcia-Novak
account_435,"Gonzalez, Lin and Morgan"
account_436,Thornton-Oneill
account_437,"Hill, Anthony and Robinson"
account_438,Evans-Reed
account_439,"Hayes, Harvey and Navarro"
account_44,Cooper-Torres
account_440,Haas-Alexander
account_441,"Sanchez, Hernandez and Hebert"
account_442,"Henry, Gomez and Floyd"
account_443,"Schaefer, Dixon and Reed"
account_444,Lawrence-Chaney
account_445,Wolf Inc
account_446,"King, Yu and Williams"
account_447,"Best, Lucero and Morales"
account_448,"Berry, Gordon and Miller"
account_449,"Hanson, Collier and Butler"
account_45,"Rice, Johnson and Richardson"
account_450,"Parrish, Harris and Baker"
account_451,Robinson Inc
account_452,"Barajas, Wade and Frederick"
account_453,"Jones, Rasmussen and Bell"
account_454,"Miller, Foster and Harding"
account_455,Mooney-Little
account_456,Martin Ltd
account_457,Christian PLC
account_458,Green PLC
account_459,Walker Inc
account_46,"Rice, Long and Harmon"
account_460,Bryant-Zimmerman
account_461,"Crawford, Romero and Ramirez"
account_462,Blackburn Inc
account_463,Friedman PLC
account_464,"Thomas, Garcia and Zamora"
account_465,"Garcia, Sampson and Scott"
account_466,Bright Inc
account_467,Davis-Compton
account_468,"Brown, Strickland and Parker"
account_469,Wood-Marks
account_47,"Shannon, Ramsey and Burgess"
account_470,"Vargas, Cole and Johnson"
account_471,Davis-Nelson
account_472,"Mcgrath, Jones and Rodriguez"
account_473,Rice LLC
account_474,"Thompson, Jensen and Hall"
account_475,"Ryan, Murphy and Morrow"
account_476,Mccullough PLC
account_477,"Moon, Davis and Gibson"
account_478,Martinez-Rangel
account_479,Hicks-Rowe
account_48,"Miller, Spencer and Doyle"
account_480,"Valencia, Butler and Barrera"
account_481,Schultz-Lee
account_482,"Butler, Hancock and Chavez"
account_483,Norton Ltd
account_484,Martinez Inc
account_485,Jones LLC
account_486,Douglas-Love
account_487,Jones-Werner
account_488,Franco LLC
account_489,James Inc
account_49,Castillo LLC
account_490,Marshall-Lopez
account_491,Trevino-Booth
account_492,Fernandez Ltd
account_493,Miles-Perez
account_494,"Cain, Santos and Matthews"
account_495,Allen-Hamilton
account_496,"Wilkins, Wright and Miller"
account_497,Smith-Hess
account_498,Ramirez Inc
account_499,Ortiz and Sons
account_5,Mccullough-Villegas
account_50,"Figueroa, Bennett and Gray"
account_500,Mosley and Sons
account_501,"Cabrera, Tran and Montoya"
account_502,"Rodriguez, Price and Martin"
account_503,Choi-Lewis
account_504,Russell-Richardson
account_505,Montes-Weber
account_506,Allen PLC
account_507,Sims Group
account_508,Lynch Group
account_509,"Scott, Ramirez and Griffith"
account_51,"Chung, Lawson and Nguyen"
account_510,Ingram-Smith
account_511,Arias-Woods
account_512,Williams Inc
account_513,Kim-Bishop
account_514,Kane-Mitchell
account_515,Randolph Inc
account_516,Parks-Sparks
account_517,Thomas and Sons
account_518,Howell-Colon
account_519,Hernandez Ltd
account_52,Deleon-Turner
account_520,Arias PLC
account_521,Porter-Hunter
account_522,Gutierrez-Cook
account_523,Hill-Olson
account_524,Weber and Sons
account_525,Gill-Smith
account_526,Schultz PLC
account_527,Richards-Willis
account_528,"Spence, Jordan and Hicks"
account_529,"Daniels, Reynolds and Moore"
account_53,Gallagher Group
account_530,Rollins-Taylor
account_531,Welch-Collins
account_532,Harmon Ltd
account_533,Spencer and Sons
account_534,Leonard PLC
account_535,Powell Inc
account_536,Campbell LLC
account_537,"Allen, Thompson and Curtis"
account_538,Francis-Harvey
account_539,Clark-Gaines
account_54,"Ward, Williams and Santiago"
account_540,Roberts-Bennett
account_541,"White, Anderson and Foster"
account_542,"Washington, Rodriguez and Estes"
account_543,Williams-Mcdonald
account_544,"Valenzuela, Robertson and May"
account_545,Khan-Cooke
account_546,Wilson-Lopez
account_547,"Shepherd, Morris and Garcia"
account_548,Hardy Group
account_549,Norris-Ford
account_55,Gray Inc
account_550,"Cooper, Harvey and Davidson"
account_551,May and Sons
account_552,"Ellis, Reynolds and Barton"
account_553,Johnson-Hernandez
account_554,"Zimmerman, Smith and Franklin"
account_555,Acosta Ltd
account_556,Jordan-Hernandez
account_557,"Hernandez, Wood and Scott"
account_558,Adams Ltd
account_559,Page Group
account_56,"Roth, Browning and Parker"
account_560,Davis-Greer
account_561,Mitchell Group
account_562,Vargas LLC
account_563,Hughes-Gomez
account_564,"Anderson, Moran and Scott"
account_565,Davis-Todd
account_566,"Hamilton, Salazar and Ayala"
account_567,Palmer Inc
account_568,Foster Inc
account_569,Willis PLC
account_57,Lee Group
account_570,Kirby Inc
account_571,"Martinez, Hendrix and Lopez"
account_572,Briggs PLC
account_573,Dyer-Santana
account_574,Frazier-Knox
account_575,Williams-Molina
account_576,Decker and Sons
account_577,Cochran and Sons
account_578,Boyd LLC
account_579,Daniels Group
account_58,Hubbard-Jacobs
account_580,Adkins PLC
account_581,Krueger-Crane
account_582,Mcguire PLC
account_583,Smith-White
account_584,Harris-Mata
account_585,"Sanchez, Joseph and Pitts"
account_586,Cunningham-Burke
account_587,Burns PLC
account_588,Hernandez and Sons
account_589,Martinez-Reynolds
account_59,"George, Shelton and White"
account_590,Carson LLC
account_591,Carson-Cook
account_592,"Bryant, Leon and Peterson"
account_593,"Garcia, Ray and Lopez"
account_594,Miles Inc
account_595,"Garrett, West and Chandler"
account_596,Walls-Peters
account_597,"Marquez, Woodward and Miller"
account_598,Wong and Sons
account_599,"Willis, Moreno and Becker"
account_6,"Long, Roth and Gray"
account_60,"Thornton, Walsh and Jordan"
account_600,"Johnson, Case and Willis"
account_601,Guerra LLC
account_602,Thompson-Ferrell
account_603,"Roberts, Weaver and Gonzalez"
account_604,"Martin, Mccoy and Smith"
account_605,Webster Ltd
account_606,Roberts Inc
account_607,Powell-West
account_608,Hanson Ltd
account_609,Cooke and Sons
account_61,"Vance, Turner and Schmidt"
account_610,Campos Group
account_611,"Henry, Williams and Huff"
account_612,"Myers, Hall and Casey"
account_613,Frazier Ltd
account_614,Smith-Oliver
account_615,Davis PLC
account_616,Nelson-Allen
account_617,"Munoz, Smith and Nguyen"
account_618,Jacobs-Carr
account_619,Shannon and Sons
account_62,Collins-Reeves
account_620,Berg-Smith
account_621,Brooks-Bautista
account_622,Koch-Knight
account_623,Johnson-White
account_624,Miller-Fields
account_625,"Francis, Anderson and Palmer"
account_626,"Nguyen, Jones and Miller"
account_627,Phillips-Brewer
account_628,Meyers-Randolph
account_629,"Smith, Bartlett and Barrera"
account_63,Hernandez LLC
account_630,Henson-Morris
account_631,Hawkins-Mitchell
account_632,Myers-Cabrera
account_633,Jackson-Barry
account_634,Alexander and Sons
account_635,Griffith Ltd
account_636,Smith-Novak
account_637,Mcbride PLC
account_638,Hendricks-Howell
account_639,Ellis-Stewart
account_64,"Williams, Rios and Perry"
account_640,Watson Ltd
account_641,"Shea, Flores and Parker"
account_642,Mack PLC
account_643,Rodgers-Garcia
account_644,Hines-Johnson
account_645,Murphy-Bates
account_646,"Chung, Blevins and Hansen"
account_647,Brown-Koch
account_648,"Campos, Hughes and Johnson"
account_649,"Anderson, Soto and Shaffer"
account_65,"Chavez, Callahan and Lopez"
account_650,"Wilson, Hernandez and Thomas"
account_651,"Taylor, Roth and Ellis"
account_652,Williams LLC
account_653,Snow and Sons
account_654,Ross-Murillo
account_655,Morris Ltd
account_656,"Heath, Williams and Mcdonald"
account_657,Garcia and Sons
account_658,Johnson-Dennis
account_659,"Mann, Vasquez and Lee"
account_66,Bradford-Shaw
account_660,"Brooks, Martin and Brown"
account_661,Hoffman-Glover
account_662,Gutierrez-Price
account_663,"Skinner, Harris and Perry"
account_664,Bridges-Smith
account_665,Black-Cooper
account_666,Tyler-Roberts
account_667,"Reed, Underwood and Harris"
account_668,Coleman-Wood
account_669,Oliver and Sons
account_67,Rose LLC
account_670,Golden-Martinez
account_671,Hess PLC
account_672,Thompson LLC
account_673,Oconnor LLC
account_674,Hooper-Peterson
account_675,"Steele, Bates and Zuniga"
account_676,"Clark, Davis and Sanchez"
account_677,Hahn PLC
account_678,"Bishop, Rocha and Turner"
account_679,"Mann, Moore and Hill"
account_68,"Savage, Smith and Carroll"
account_680,Mcbride-Garcia
account_681,"Williams, Hicks and Patterson"
account_682,Reed-Boyer
account_683,"Moreno, Lee and Cortez"
account_684,Roman LLC
account_685,Cruz-Clark
account_686,Roberts-Potter
account_687,"White, Gonzalez and Roberts"
account_688,"Jordan, Caldwell and Mccarthy"
account_689,"Morgan, Peterson and Davis"
account_69,Herrera-Pierce
account_690,Thomas-Lara
account_691,"Pennington, Roberson and Mathews"
account_692,Sanders Inc
account_693,Johnson-Acosta
account_694,"Mejia, Garcia and Ponce"
account_695,Fletcher Ltd
account_696,"Flores, Weaver and Burke"
account_697,Nelson Inc
account_698,Lopez-Peterson
account_699,Brown PLC
account_7,"Kennedy, Brooks and Valenzuela"
account_70,"Duke, Chase and Burnett"
account_700,Lynch-Patel
account_701,Rojas-May
account_702,Collins-Green
account_703,Gomez PLC
account_704,Ryan-Brown
account_705,"Forbes, Anderson and Jackson"
account_706,"Glover, Molina and Kelley"
account_707,"Torres, Hammond and White"
account_708,Mack-Pope
account_709,Snyder and Sons
account_71,"Gallegos, Bernard and Wheeler"
account_710,Flores PLC
account_711,David-Neal
account_712,Miller Inc
account_713,"Shelton, Riley and Phillips"
account_714,English-Little
account_715,Burns-Brown
account_716,"Mcmillan, Brown and Tran"
account_717,Berg-Pitts
account_718,"Maxwell, Andrade and Harris"
account_719,"Collins, Mclaughlin and Andrews"
account_72,"Murphy, Robinson and Levine"
account_720,Jackson Group
account_721,"Butler, Brown and Rivera"
account_722,"Vazquez, Nelson and Stewart"
account_723,Rogers LLC
account_724,Jones-Nelson
account_725,"Hubbard, Lewis and Rowland"
account_726,Anderson-Gilbert
account_727,"Rodriguez, Aguirre and Martin"
account_728,"Dixon, Nielsen and Robertson"
account_729,"Perez, Adams and Butler"
account_73,Brown-Duncan
account_730,"Brown, Chen and Fuentes"
account_731,Diaz Ltd
account_732,Maddox-Peterson
account_733,Smith PLC
account_734,Huff-Rivera
account_735,Harris-Johnson
account_736,Jackson-Hammond
account_737,Daniels LLC
account_738,"Smith, Duncan and Sanchez"
account_739,Walsh Ltd
account_74,Bean Inc
account_740,Johnson-Diaz
account_741,Mckee Inc
account_742,Hernandez-Hill
account_743,"Williams, Johnson and Young"
account_744,"Kelly, Griffith and Meyers"
account_745,Carroll Inc
account_746,Hogan PLC
account_747,Short-Raymond
account_748,"Downs, Kirby and Mcdonald"
account_749,Pham Inc
account_75,Wagner and Sons
account_750,"Smith, Ross and Phillips"
account_751,"Gibson, Hernandez and Hancock"
account_752,"Taylor, Brown and Castillo"
account_753,"Walker, Krause and Mills"
account_754,Cordova Group
account_755,Cohen LLC
account_756,Dennis Group
account_757,Moss-Thompson
account_758,Walker-Hendrix
account_759,Duncan-Ramsey
account_76,Myers and Sons
account_760,Williams-Bennett
account_761,Jackson-Best
account_762,Horton-Ellis
account_763,Sandoval-Shah
account_764,"Miller, Lin and Howe"
account_765,"Kim, Humphrey and Cruz"
account_766,Wiggins-Richmond
account_767,Murphy-Humphrey
account_768,"Jarvis, Berry and Chavez"
account_769,Davis Group
account_77,Mcintosh Ltd
account_770,"Black, King and Ferguson"
account_771,"Small, Guerrero and Thomas"
account_772,Cooper PLC
account_773,Wood and Sons
account_774,"Taylor, Thomas and Powell"
account_775,"Potts, Vincent and Anderson"
account_776,"Foster, Lucas and Hale"
account_777,Sullivan-Wallace
account_778,Johnson-Pena
account_779,Reeves Ltd
account_78,Reid PLC
account_780,Lopez-Roberts
account_781,White LLC
account_782,Hughes Group
account_783,Henry Group
account_784,Poole-Morris
account_785,Holland PLC
account_786,Estrada-Conley
account_787,"Gilbert, Walker and Hall"
account_788,"Browning, Baldwin and Hart"
account_789,Bridges LLC
account_79,Gardner-Williams
account_790,"Torres, Stuart and Montgomery"
account_791,Orozco PLC
account_792,James-Walker
account_793,King and Sons
account_794,Santiago LLC
account_795,Wright-Hayes
account_796,Moore Group
account_797,Herrera-Austin
account_798,Wilson-Gibson
account_799,Bell-Ramirez
account_8,Ramirez and Sons
account_80,"Norris, Kelly and Hayden"
account_800,Graham PLC
account_801,"Webster, Clark and Odonnell"
account_802,Morrow Inc
account_803,Pearson-Padilla
account_804,Allen-Quinn
account_805,"Garcia, Perez and Bailey"
account_806,"Spears, Gregory and Ford"
account_807,Duarte-Hernandez
account_808,Martinez LLC
account_809,"Mayo, Garrett and Baker"
account_81,Wall Inc
account_810,"Ingram, Reyes and Jefferson"
account_811,Contreras and Sons
account_812,Strickland-Kim
account_813,"Lewis, Barnes and Smith"
account_814,Warren-Mckee
account_815,Hunter PLC
account_816,Jones-Pitts
account_817,"King, Hernandez and Swanson"
account_818,"Becker, Valdez and Greer"
account_819,"Mercado, Chavez and Haas"
account_82,Lewis-Griffin
account_820,"Henry, Byrd and Allen"
account_821,Webb Ltd
account_822,"Morgan, Cook and Gonzales"
account_823,"Martinez, Stewart and Jenkins"
account_824,"Peck, Leonard and Gutierrez"
account_825,Rasmussen Inc
account_826,Montoya Group
account_827,Compton-Buck
account_828,Mercer-Martin
account_83,Jones Inc
account_84,"Hicks, Weaver and Meyer"
account_85,Ramirez-Payne
account_86,"Miller, Blanchard and Stephenson"
account_87,"Wade, Fox and Warner"
account_88,Huerta and Sons
account_89,Jones-Terry
account_9,Peterson LLC
account_90,Taylor and Sons
account_91,Mcdaniel-Mitchell
account_92,"Martinez, Rogers and Jenkins"
account_93,Wade-Guerrero
account_94,Williams PLC
account_95,Porter-Cunningham
account_96,"Mullins, Flores and Moran"
account_97,"Hopkins, Evans and Bird"
account_98,West-Joseph
account_99,Gutierrez Inc
